{
  "heroSize": "normal",
  "mapHeight": "1000",
  "floorHeight": "50",
  "heroPos": ["30","60"],
  "cloudVelocity": "0",
  "platformsPos": [
    {
      "xPos": "200",
      "yPos": "300",
      "length": "200"
    },
    {
      "xPos": "500",
      "yPos": "300",
      "length": "300"
    },
    {
      "xPos": "900",
      "yPos": "300",
      "length": "100"
    },
    {
      "xPos": "1100",
      "yPos": "300",
      "length": "200"
    },
    {
      "xPos": "400",
      "yPos": "550",
      "length": "100"
    },
    {
      "xPos": "800",
      "yPos": "550",
      "length": "100"
    }
  ],

  "mushroomsPos": ["130", "480", "1400"],

  "enemies": [
    {
      "type": "blue",
      "xPos": "1200"
    },
    {
      "type": "red",
      "xPos": "200"
    },
    {
      "type": "blue",
      "xPos": "500"
    }
  ],
  "flagPos": ["675", "300"]
}